Question,Answer
1. What is the year in which the Sustainable Development Goals were introduced?, The Sustainable Development Goals were introduced in 2015.
    2. What are the 17 goals of the Sustainable Development Goals?," The 17 Sustainable Development Goals (SDGs) are a universal call to action by all countries – developed and developing – in a global partnership. They are an ambitious plan to end poverty, protect the planet and ensure that all people enjoy peace and prosperity by the year 2030. The SDGs cover a range of issues including:

1. No Poverty
2. Zero Hunger
3. Good Health and Well-being
4. Quality Education
5. Gender Equality
6. Clean Water and Sanitation
7. Affordable and Clean Energy
8. Decent Work and Economic Growth
9. Industry, Innovation and Infrastructure
10. Reduced Inequalities
11. Sustainable Cities and Communities
12. Responsible Consumption and Production
13. Climate Action
14. Life Below Water
15. Life On Land
16. Peace, Justice and Strong Institutionship and Strong Institutionship, and Strong Institutionship and Strong Institutionship, and Strong Institutionship and Strong Institutionship
17"
    3. What challenges did leaders see that led them to create the Sustainable Development Goals?," Leaders saw challenges such as famines, droughts, wars, plagues and poverty not just in some faraway place but in their own cities and towns and villages."
    4. What evidence is there that we can succeed in achieving the Sustainable Development Goals?," 4. There is ample evidence that we can succeed in achieving the Sustainable Development Goals. In the past 15 years, the international community cut extreme poverty in half. Now we can finish the job. The United Nations Development Programme (UNDP) is one of the leading organizations off that would be rid of poverty and hunger, and safe from the worst effects of climate change. They also knew that billions of people worldwide shared their hope for a better future. So leaders from these countries created a plan called the Sustainable Development Goals (SDGs). This set of 17 goals imagines a future just 15 years away, and it includes targets for reducing poverty, hunger, and disease; protecting the planet; promoting peace and justice; and building strong, inclusive societies."
    5. How many countries signed on to the Sustainable Development Goals when it was introduced?, 170 countries
